headlines,category
SBI has already started distributing Rupay debit cards instead of visa and mastercard,Debit_card
sbi is waiving yearly debit card charges,Debit_card
now you can get rewards point on every transactions through your debit cards,Debit_card
Sbi has introduced this concept to increase the use of debit cards among its customers,Debit_card
after demonitisation debit cards transactions have been increased to a great extent,Debit_card
since the demonitisation time sbi is encouraging their customers to do transactions using debit cards,Debit_card
sbi notifyiing their customers not to share their own debit card pin to anyone.,Debit_card
UN-issued debit card scheme helps Syrian refugees in Lebanon;boost cash-strapped local economy,Debit_card
Amazon rewards debit card users too,Debit_card
you can apply for home loans from your smart phones,Loan|Home_loan
home loans interest rates are been decreased by sbi for the next couple of years,Loan|Home_loan
SBI to cut rates on home loans above ?75 lakh by 10 bps,Loan|Home_loan
Upto last year interest rates of home loans above 10lakhs was 8.35% and now it is been sliced to 8.0%.,Loan|Home_loan
Big banks make it through stress tests investors await cash release for home loans,Loan|Home_loan
sbi is giving free home loans for person having yearly income less than 25000,Loan|Home_loan
private banks has raised home loans interest rates.,Loan|Home_loan
you can update your kyc from any atm counter,ATM
all atm counters of india will be closed for next two days.,ATM
banks are promoting the use of atm in villages.,ATM
government has asked every banks to increase their security in all atm counters.,ATM
new atm counters will be made very soon.,ATM
ATM celebrates 50 years of dispensing cash,ATM
"from january 2017 , sbi has also slashed down its car loans interest rates.",Loan|Car_loan
the car will be acting as the mortage on behalf of the car loans.,Loan|Car_loan
maruti is arranging onspot car loans for their customers.,Loan|Car_loan
new plan for car loans has been introduced by SBI,Loan|Car_loan
government has given order to lower the interest rates of education loans,Loan|Education_loan
bank agents will be present to arrange education loans for the candidate during admission.,Loan|Education_loan
icici is conducting a survey on education loans.,Loan|Education_loan
Titans' Logan Ryan pays off brother's $82K student loan,Loan|Education_loan
"banks will give free education loans , if the candidate is a single girl child.",Loan|Education_loan
The education loan crisis's drag on the economy in 3 charts,Loan|Education_loan
Eliminate Your Education Loans Faster With These 4 Moves,Loan|Education_loan
Need to strengthen education loans restructuring mechanism to tackle NPAs: MoS,Loan|Education_loan   
Banks are demanding Aadhar informations as residential proof,Aadhar
Aadhar cards are main identificaton document for banking,Aadhar
bring your aadhar card to deactivate your account,Aadhar
For opening account for teenagers aadhar information is sufficient,Aadhar
those who haven't received their aadhar card have to bring voter Id card,Aadhar
To get the your extra money for LPG to be deposited in your account Aadhar is must,Aadhar
GST Rollout: Businesses can pay GST through ICICI Bank’s net banking,Net_banking
Trickbot virus targets Indian net-banking users;steals money using fake URLs,Net_banking
Barclays Bank DOWN - net banking and mobile app NOT WORKING ;customers complain,Net_banking
Android Pay Gets Integrated With Select net Banking Apps,Net_banking
State Bank of India blocks its customers from loading money to wallet services using net banking,Net_banking
Net Banking To Kill Physical Banks In 5-6 Years: Amitabh Kant,Net_banking
RBI preparing list of bad loans under bankruptcy rules,Home_loan|Loan|Car_loan|Education_loan
Student loan debt has grown more than car loan;credit card and home equity loan debt combined since 2003 according to the Federal Reserve Bank of New York,Home_loan|Loan|Car_loan|Education_loan 
Aadhar card xerox copy should be given alongwith KYC form to the bank for loan purpose,Home_loan|Loan|Car_loan|Education_loan|Aadhar
Note ban has and may continue to result in a slowdown warns SBI finance,Finance
Demonetisation impact: SBI says slowdown in Indian economy and finance to continue,Finance
Unutilised credit and finance limits to telcos not withdrawn: SBI,Finance
Government asks banks to deposit junked notes at RBI finance department by July 20,Finance
BB&T projects $2.6B revenue loss in severe economic and finance downturn,Finance
finance policies are becoming stricter now,Finance
After SBI Govt hints at more bank mergers eyes to have another global-sized finance bank,Finance
Cedar Rapids backs new loan for Westdale Mall,Loan|Finance
When to consider long-term care insurance,Insurance
LTC insurance will help to cover the costs of long-term nursing care,Insurance
Insurance tips available on state website,Insurance
Insurance Is the Hot New Way to Avoid Taxes,Insurance
FOX NEWS DOESN’T CARE IF MILLIONS LOSE HEALTH INSURANCE SINCE ‘WE’RE ALL GOING TO DIE’,Insurance
Virginia Insurance License Exam Fees Eligible for GI Bill Reimbursement,Insurance
From insurance premium to ATM transaction banking will be expensive under GST,ATM|Insurance
Home Loans will be provided to startups for finance and marketing,Home_loan|Finance
Wolf Point developers land $200 million loan for 60-story tower,Loan|Finance
new policies will be introduced for home loans says finance experts,Loan|Home_loan|Finance
Finance minister says education loan will be provided at lower rate in rural banks,Loan|Education_loan|Finance
Security camera shows man allegedly using stolen debit card at ATM,Debit_card|ATM
Bank Indonesia sets chip technology standard for ATM and debit cards,Debit_card|ATM
The ATM at 50: It was invented before the debit card,Debit_card|ATM
State Bank of India offers payment of GST online through the modes of internet banking and debit cards,Netbanking|Debit_card


